juan;Juanmi2006b1;jmbuitragog@unbossque.edu.co;14;Antigua & Barbuda;imageUser/juan.png;two;FIFA;4
esteban;esteban1234;esteban1234@gmail.com;50;Afghanistan;imageUser/esteban.png;How many tournaments have you played?;Rocket League;10
asdasd;3106Juancho#;juandi2006yadi@gmail.com;4;United Arab Emirates;imageUser/asdasd.png;three;Rocket League;23112
Juand;3106Juancho#;juandi30034@gmail.com;5;Afghanistan;imageUser/Juand.png;two;Rocket League;4
ElGomas;Gomasgay#3;gomas@gmail.com;19;Yemen;imageUser/ElGomas.png;one;Gran Turismo;1

